timestamp  ,name   ,host         ,wwid                                                                                                               ,io_time ,iops_in_progress ,merged_reads ,merged_writes ,read_bytes ,read_time ,reads  ,weighted_io_time ,write_bytes ,write_time ,writes
1713534290 ,diskio ,a15a98f3ab4c ,                                                                                                                   ,     20 ,               0 ,           0 ,            0 ,    358400 ,        8 ,    45 ,               8 ,          0 ,         0 ,     0
1713534290 ,diskio ,a15a98f3ab4c ,                                                                                                                   ,     20 ,               0 ,           0 ,            0 ,   1134592 ,        9 ,    58 ,               9 ,          0 ,         0 ,     0
1713534290 ,diskio ,a15a98f3ab4c ,                                                                                                                   ,    360 ,               0 ,           0 ,            0 ,   3590144 ,       16 ,   231 ,              16 ,          0 ,         0 ,     0
1713534290 ,diskio ,a15a98f3ab4c ,                                                                                                                   ,     16 ,               0 ,           0 ,            0 ,    372736 ,        7 ,    50 ,               7 ,          0 ,         0 ,     0
1713534290 ,diskio ,a15a98f3ab4c ,nvme.1c5c-465943314e30313139313133303143325a-534b2068796e69782042433731312048464d3531324744334a583031334e-00000001 , 585568 ,               0 ,       36464 ,       323633 ,4189364224 ,    21512 ,116763 ,          744515 , 8674792448 ,    648725 ,537870
1713534290 ,diskio ,a15a98f3ab4c ,                                                                                                                   ,    268 ,               0 ,          21 ,            0 ,  11942912 ,       41 ,   320 ,              41 ,       1024 ,         0 ,     2
1713534290 ,diskio ,a15a98f3ab4c ,                                                                                                                   ,   1356 ,               0 ,           0 ,            0 ,  81613824 ,      213 ,  1563 ,             213 ,          0 ,         0 ,     0
1713534290 ,diskio ,a15a98f3ab4c ,                                                                                                                   ,     32 ,               0 ,           0 ,            0 ,   1117184 ,        7 ,    61 ,               7 ,          0 ,         0 ,     0
1713534290 ,diskio ,a15a98f3ab4c ,                                                                                                                   ,     20 ,               0 ,           0 ,            0 ,   1111040 ,        8 ,    52 ,               8 ,          0 ,         0 ,     0
1713534290 ,diskio ,a15a98f3ab4c ,                                                                                                                   ,     20 ,               0 ,           0 ,            0 ,    355328 ,        4 ,    43 ,               4 ,          0 ,         0 ,     0
1713534290 ,diskio ,a15a98f3ab4c ,                                                                                                                   ,     24 ,               0 ,           0 ,            0 ,   1129472 ,        8 ,    60 ,               8 ,          0 ,         0 ,     0
1713534290 ,diskio ,a15a98f3ab4c ,                                                                                                                   ,     20 ,               0 ,           0 ,            0 ,   1099776 ,       13 ,    57 ,              13 ,          0 ,         0 ,     0
1713534290 ,diskio ,a15a98f3ab4c ,                                                                                                                   ,     24 ,               0 ,           0 ,            0 ,   1098752 ,       11 ,    54 ,              11 ,          0 ,         0 ,     0
1713534290 ,diskio ,a15a98f3ab4c ,                                                                                                                   ,    424 ,               0 ,           0 ,            0 ,  10165248 ,       72 ,  3448 ,              72 ,          0 ,         0 ,     0
1713534290 ,diskio ,a15a98f3ab4c ,                                                                                                                   ,     48 ,               0 ,           0 ,            0 ,    321536 ,        1 ,    32 ,               1 ,          0 ,         0 ,     0
1713534290 ,diskio ,a15a98f3ab4c ,                                                                                                                   ,     12 ,               0 ,           0 ,            0 ,     17408 ,        0 ,    14 ,               0 ,          0 ,         0 ,     0
1713534290 ,diskio ,a15a98f3ab4c ,                                                                                                                   ,     24 ,               0 ,           0 ,            0 ,    357376 ,       10 ,    43 ,              10 ,          0 ,         0 ,     0
1713534290 ,diskio ,a15a98f3ab4c ,                                                                                                                   ,     24 ,               0 ,           0 ,            0 ,   1102848 ,       15 ,    61 ,              15 ,          0 ,         0 ,     0
1713534290 ,diskio ,a15a98f3ab4c ,                                                                                                                   ,     16 ,               0 ,           0 ,            0 ,    359424 ,        5 ,    43 ,               5 ,          0 ,         0 ,     0
1713534290 ,diskio ,a15a98f3ab4c ,                                                                                                                   ,     16 ,               0 ,           0 ,            0 ,     55296 ,        2 ,    20 ,               2 ,          0 ,         0 ,     0
1713534290 ,diskio ,a15a98f3ab4c ,                                                                                                                   ,    560 ,               0 ,           0 ,            0 ,   6549504 ,       35 ,   485 ,              35 ,          0 ,         0 ,     0
1713534290 ,diskio ,a15a98f3ab4c ,                                                                                                                   ,     20 ,               0 ,           0 ,            0 ,   1096704 ,       21 ,    55 ,              21 ,          0 ,         0 ,     0
1713534290 ,diskio ,a15a98f3ab4c ,                                                                                                                   ,     16 ,               0 ,           0 ,            0 ,    368640 ,        4 ,    48 ,               4 ,          0 ,         0 ,     0
1713534290 ,diskio ,a15a98f3ab4c ,                                                                                                                   , 585052 ,               0 ,       36443 ,       323633 ,4167717888 ,    21399 ,115890 ,          670124 , 8674791424 ,    648725 ,537868
1713534290 ,diskio ,a15a98f3ab4c ,                                                                                                                   ,     16 ,               0 ,           0 ,            0 ,   1089536 ,        7 ,    57 ,               7 ,          0 ,         0 ,     0
1713534290 ,diskio ,a15a98f3ab4c ,                                                                                                                   ,   1140 ,               0 ,           0 ,            0 ,  80183296 ,      217 ,  4144 ,             217 ,          0 ,         0 ,     0
1713534290 ,diskio ,a15a98f3ab4c ,                                                                                                                   ,   1468 ,               0 ,           0 ,            0 ,  21958656 ,       54 ,   596 ,              54 ,          0 ,         0 ,     0
1713534290 ,diskio ,a15a98f3ab4c ,                                                                                                                   ,      4 ,               0 ,           0 ,            0 ,     14336 ,        0 ,    11 ,               0 ,          0 ,         0 ,     0
